{
  "baclaran": [
    [
      14.525469,
      120.993426
    ],
    [
      14.524791,
      120.99339
    ],
    [
      14.52501,
      120.998735
    ],
    [
      14.527429,
      120.998319
    ],
    [
      14.527619,
      120.998535
    ],
    [
      14.527908,
      120.999163
    ],
    [
      14.528987,
      120.999714
    ],
    [
      14.529844,
      120.999825
    ],
    [
      14.530997,
      120.999245
    ],
    [
      14.531831,
      120.999394
    ],
    [
      14.531885,
      120.998849
    ],
    [
      14.531953,
      120.998746
    ],
    [
      14.532498,
      120.998733
    ],
    [
      14.533188,
      120.997983
    ],
    [
      14.533235,
      120.99656
    ],
    [
      14.53278,
      120.992644
    ],
    [
      14.531252,
      120.992815
    ],
    [
      14.529789,
      120.979096
    ],
    [
      14.524014,
      120.97933
    ],
    [
      14.525469,
      120.993426
    ]
  ],
  "don_galo": [
    [
      14.508197,
      120.99539
    ],
    [
      14.508971,
      120.992026
    ],
    [
      14.509056,
      120.989129
    ],
    [
      14.509124,
      120.988819
    ],
    [
      14.512835,
      120.976677
    ],
    [
      14.512671,
      120.976603
    ],
    [
      14.512311,
      120.976617
    ],
    [
      14.508153,
      120.9742
    ],
    [
      14.507636,
      120.974941
    ],
    [
      14.506426,
      120.977182
    ],
    [
      14.503555,
      120.986458
    ],
    [
      14.502745,
      120.989324
    ],
    [
      14.502443,
      120.989235
    ],
    [
      14.502156,
      120.993191
    ],
    [
      14.502278,
      120.993614
    ],
    [
      14.502487,
      120.99377
    ],
    [
      14.503989,
      120.994311
    ],
    [
      14.506509,
      120.994973
    ],
    [
      14.50685,
      120.995128
    ],
    [
      14.508197,
      120.99539
    ]
  ],
  "la_huerta": [
    [
      14.502156,
      120.993191
    ],
    [
      14.502443,
      120.989235
    ],
    [
      14.500465,
      120.988669
    ],
    [
      14.498773,
      120.992672
    ],
    [
      14.496453,
      120.992645
    ],
    [
      14.49636,
      120.993723
    ],
    [
      14.493604,
      120.994712
    ],
    [
      14.492941,
      120.996824
    ],
    [
      14.490484,
      120.999017
    ],
    [
      14.489108,
      120.997933
    ],
    [
      14.486008,
      120.998813
    ],
    [
      14.484995,
      121.001362
    ],
    [
      14.486222,
      121.00244
    ],
    [
      14.486865,
      120.999785
    ],
    [
      14.491797,
      121.00237
    ],
    [
      14.492391,
      121.00104
    ],
    [
      14.496451,
      120.999041
    ],
    [
      14.497891,
      120.994048
    ],
    [
      14.501047,
      120.994122
    ],
    [
      14.502156,
      120.993191
    ]
  ],
  "san_dionisio": [
    [
      14.500465,
      120.988669
    ],
    [
      14.493525,
      120.986477
    ],
    [
      14.49174,
      120.982857
    ],
    [
      14.49642,
      120.982677
    ],
    [
      14.502005,
      120.988075
    ],
    [
      14.502049,
      120.98162
    ],
    [
      14.493315,
      120.98092
    ],
    [
      14.492715,
      120.975544
    ],
    [
      14.489926,
      120.976063
    ],
    [
      14.491609,
      120.982674
    ],
    [
      14.48735,
      120.981253
    ],
    [
      14.482339,
      120.989444
    ],
    [
      14.482938,
      120.992712
    ],
    [
      14.476224,
      120.991149
    ],
    [
      14.471793,
      121.000833
    ],
    [
      14.479212,
      121.001899
    ],
    [
      14.484593,
      120.99562
    ],
    [
      14.485919,
      120.998773
    ],
    [
      14.490382,
      120.999065
    ],
    [
      14.500465,
      120.988669
    ]
  ],
  "tambo": [
    [
      14.52501,
      120.998735
    ],
    [
      14.524791,
      120.99339
    ],
    [
      14.525469,
      120.993426
    ],
    [
      14.524014,
      120.97933
    ],
    [
      14.518859,
      120.979303
    ],
    [
      14.516607,
      120.978733
    ],
    [
      14.512835,
      120.976677
    ],
    [
      14.509124,
      120.988819
    ],
    [
      14.508197,
      120.99539
    ],
    [
      14.511511,
      120.996369
    ],
    [
      14.513022,
      120.997677
    ],
    [
      14.51249,
      120.998981
    ],
    [
      14.510864,
      120.99908
    ],
    [
      14.510251,
      121.000204
    ],
    [
      14.511501,
      121.000308
    ],
    [
      14.512241,
      121.00114
    ],
    [
      14.51694,
      121.000467
    ],
    [
      14.516976,
      120.998025
    ],
    [
      14.519682,
      120.999421
    ],
    [
      14.52501,
      120.998735
    ]
  ],
  "vitalez": [
    [
      14.508893,
      121.011136
    ],
    [
      14.508921,
      121.010484
    ],
    [
      14.508517,
      121.009975
    ],
    [
      14.508539,
      121.009211
    ],
    [
      14.509311,
      121.008833
    ],
    [
      14.509527,
      121.008473
    ],
    [
      14.509561,
      121.007941
    ],
    [
      14.51045,
      121.007829
    ],
    [
      14.510649,
      121.007666
    ],
    [
      14.510717,
      121.0053
    ],
    [
      14.511149,
      121.004716
    ],
    [
      14.510417,
      121.004147
    ],
    [
      14.509823,
      121.003945
    ],
    [
      14.509834,
      121.003163
    ],
    [
      14.50945,
      121.002546
    ],
    [
      14.50864,
      121.003174
    ],
    [
      14.508433,
      121.004205
    ],
    [
      14.507309,
      121.004905
    ],
    [
      14.507067,
      121.007798
    ],
    [
      14.508893,
      121.011136
    ]
  ],
  "bf_homes": [
    [
      14.464617,
      121.020156
    ],
    [
      14.453734,
      121.045285
    ],
    [
      14.453315,
      121.04116
    ],
    [
      14.447767,
      121.037305
    ],
    [
      14.44387,
      121.041291
    ],
    [
      14.442138,
      121.039942
    ],
    [
      14.440535,
      121.028541
    ],
    [
      14.434397,
      121.024204
    ],
    [
      14.437659,
      121.016029
    ],
    [
      14.446045,
      121.016801
    ],
    [
      14.452944,
      121.011094
    ],
    [
      14.454118,
      121.001585
    ],
    [
      14.460951,
      121.002143
    ],
    [
      14.463135,
      121.006854
    ],
    [
      14.466724,
      121.007645
    ],
    [
      14.467251,
      121.010199
    ],
    [
      14.463619,
      121.011854
    ],
    [
      14.456571,
      121.007821
    ],
    [
      14.455229,
      121.015502
    ],
    [
      14.464617,
      121.020156
    ]
  ],
  "don_bosco": [
    [
      14.490949,
      121.02223
    ],
    [
      14.483564,
      121.034425
    ],
    [
      14.489494,
      121.044622
    ],
    [
      14.487361,
      121.045775
    ],
    [
      14.483873,
      121.042011
    ],
    [
      14.484573,
      121.038475
    ],
    [
      14.479731,
      121.039846
    ],
    [
      14.479966,
      121.036285
    ],
    [
      14.477533,
      121.036596
    ],
    [
      14.476197,
      121.03354
    ],
    [
      14.478199,
      121.030933
    ],
    [
      14.475151,
      121.030575
    ],
    [
      14.476055,
      121.025167
    ],
    [
      14.472608,
      121.022217
    ],
    [
      14.475939,
      121.021784
    ],
    [
      14.479785,
      121.0124
    ],
    [
      14.488098,
      121.006974
    ],
    [
      14.486358,
      121.011971
    ],
    [
      14.490949,
      121.02223
    ]
  ],